"STATION","LATITUDE","LONGITUDE","ELEVATION","DATE","TAVG","TMAX","TMIN","WT01","WT02","WT03","WT08","WT09"
"USW00094726","41.67908","-70.95911","22.4","2022-01-01",,"54","46",,,,,
"USW00094726","41.67908","-70.95911","22.4","2022-01-02",,"52","36",,,,,
"USW00094726","41.67908","-70.95911","22.4","2022-01-03",,"36","24",,,,,
"USW00094726","41.67908","-70.95911","22.4","2022-01-04",,"32","17",,,,,
"USW00094726","41.67908","-70.95911","22.4","2022-01-05",,"64","19",,,,,
"USW00094726","41.67908","-70.95911","22.4","2022-01-06",,"46","29",,,,,
"USW00094726","41.67908","-70.95911","22.4","2022-01-07",,"33","22",,,,,
"USW00094726","41.67908","-70.95911","22.4","2022-01-08",,"31","10",,,,,
"USW00094726","41.67908","-70.95911","22.4","2022-01-09",,"48","12",,,,,
"USW00094726","41.67908","-70.95911","22.4","2022-01-10",,"42","22",,,,,
"USW00094726","41.67908","-70.95911","22.4","2022-01-11",,"23","5",,,,,
"USW00094726","41.67908","-70.95911","22.4","2022-01-12",,"43","6",,,,,
"USW00094726","41.67908","-70.95911","22.4","2022-01-13",,"47","23",,,,,
"USW00094726","41.67908","-70.95911","22.4","2022-01-14",,"41","20",,,,,
"USW00094726","41.67908","-70.95911","22.4","2022-01-15",,"21","7",,,,,
"USW00094726","41.67908","-70.95911","22.4","2022-01-16",,"36","2",,,,,
"USW00094726","41.67908","-70.95911","22.4","2022-01-17",,"51","36",,,,,
"USW00094726","41.67908","-70.95911","22.4","2022-01-18",,"37","23",,,,,
"USW00094726","41.67908","-70.95911","22.4","2022-01-19",,"48","19",,,,,
"USW00094726","41.67908","-70.95911","22.4","2022-01-20",,"45","23",,,,,
"USW00094726","41.67908","-70.95911","22.4","2022-01-21",,"26","14",,,,,
"USW00094726","41.67908","-70.95911","22.4","2022-01-22",,"31","14",,,,,
"USW00094726","41.67908","-70.95911","22.4","2022-01-23",,"36","12",,,,,
"USW00094726","41.67908","-70.95911","22.4","2022-01-24",,"35","19",,,,,
"USW00094726","41.67908","-70.95911","22.4","2022-01-25",,"44","28",,,,,
"USW00094726","41.67908","-70.95911","22.4","2022-01-26",,"30","13",,,,,
"USW00094726","41.67908","-70.95911","22.4","2022-01-27",,"28","5",,,,,
"USW00094726","41.67908","-70.95911","22.4","2022-01-28",,"36","18",,,,,
"USW00094726","41.67908","-70.95911","22.4","2022-01-29",,"34","12",,"    1",,,"    1"
"USW00094726","41.67908","-70.95911","22.4","2022-01-30",,"23","2",,,,,
"USW00094726","41.67908","-70.95911","22.4","2022-01-31",,"30","-6",,,,,
"USW00094726","41.67908","-70.95911","22.4","2022-02-01",,"37","1",,,,,
"USW00094726","41.67908","-70.95911","22.4","2022-02-02",,"45","28",,,,,
"USW00094726","41.67908","-70.95911","22.4","2022-02-03",,"51","35",,,,,
"USW00094726","41.67908","-70.95911","22.4","2022-02-04",,"54","25",,,,,
"USW00094726","41.67908","-70.95911","22.4","2022-02-05",,"27","17",,,,,
"USW00094726","41.67908","-70.95911","22.4","2022-02-06",,"29","11",,,,,
"USW00094726","41.67908","-70.95911","22.4","2022-02-07",,"44","19",,,,,
"USW00094726","41.67908","-70.95911","22.4","2022-02-08",,"43","33",,,,,
"USW00094726","41.67908","-70.95911","22.4","2022-02-09",,"42","27",,,,,
"USW00094726","41.67908","-70.95911","22.4","2022-02-10",,"53","24",,,,,
"USW00094726","41.67908","-70.95911","22.4","2022-02-11",,"53","24",,,,,
"USW00094726","41.67908","-70.95911","22.4","2022-02-12",,"59","41",,,,,
"USW00094726","41.67908","-70.95911","22.4","2022-02-13",,"41","26",,,,,
"USW00094726","41.67908","-70.95911","22.4","2022-02-14",,"26","13",,,,,
"USW00094726","41.67908","-70.95911","22.4","2022-02-15",,"26","7",,,,,
"USW00094726","41.67908","-70.95911","22.4","2022-02-16",,"47","4",,,,,
"USW00094726","41.67908","-70.95911","22.4","2022-02-17",,"59","47",,,,,
"USW00094726","41.67908","-70.95911","22.4","2022-02-18",,"58","26",,,,,
"USW00094726","41.67908","-70.95911","22.4","2022-02-19",,"41","16","    1",,,,
"USW00094726","41.67908","-70.95911","22.4","2022-02-20",,"37","17",,,,,
"USW00094726","41.67908","-70.95911","22.4","2022-02-21",,"51","28",,,,,
"USW00094726","41.67908","-70.95911","22.4","2022-02-22",,"55","26",,,,,
"USW00094726","41.67908","-70.95911","22.4","2022-02-23",,"65","35",,,,,
"USW00094726","41.67908","-70.95911","22.4","2022-02-24",,"35","27",,,,,
"USW00094726","41.67908","-70.95911","22.4","2022-02-25",,"37","22",,,,,
"USW00094726","41.67908","-70.95911","22.4","2022-02-26",,"32","17",,,,,
"USW00094726","41.67908","-70.95911","22.4","2022-02-27",,"40","17",,,,,
"USW00094726","41.67908","-70.95911","22.4","2022-02-28",,"32","13",,,,,
"USW00094726","41.67908","-70.95911","22.4","2022-03-01",,"44","14",,,,,
"USW00094726","41.67908","-70.95911","22.4","2022-03-02",,"48","27",,,,,
"USW00094726","41.67908","-70.95911","22.4","2022-03-03",,"45","24",,,,,
"USW00094726","41.67908","-70.95911","22.4","2022-03-04",,"34","15",,,,,
"USW00094726","41.67908","-70.95911","22.4","2022-03-05",,"44","18",,,,,
"USW00094726","41.67908","-70.95911","22.4","2022-03-06",,"58","39",,,,,
"USW00094726","41.67908","-70.95911","22.4","2022-03-07",,"60","48",,,,,
"USW00094726","41.67908","-70.95911","22.4","2022-03-08",,"56","28",,,,,
"USW00094726","41.67908","-70.95911","22.4","2022-03-09",,"42","28",,,,,
"USW00094726","41.67908","-70.95911","22.4","2022-03-10",,"51","29",,,,,
"USW00094726","41.67908","-70.95911","22.4","2022-03-11",,"53","25",,,,,
"USW00094726","41.67908","-70.95911","22.4","2022-03-12",,"54","24",,,,,
"USW00094726","41.67908","-70.95911","22.4","2022-03-13",,"37","22",,,,,
"USW00094726","41.67908","-70.95911","22.4","2022-03-14",,"53","29",,,,,
"USW00094726","41.67908","-70.95911","22.4","2022-03-15",,"64","41",,,,,
"USW00094726","41.67908","-70.95911","22.4","2022-03-16",,"55","36",,,,,
"USW00094726","41.67908","-70.95911","22.4","2022-03-17",,"56","30",,,,,
"USW00094726","41.67908","-70.95911","22.4","2022-03-18",,"69","43",,,,,
"USW00094726","41.67908","-70.95911","22.4","2022-03-19",,"58","42",,,,,
"USW00094726","41.67908","-70.95911","22.4","2022-03-20",,"64","46",,,,,
"USW00094726","41.67908","-70.95911","22.4","2022-03-21",,"60","42",,,,,
"USW00094726","41.67908","-70.95911","22.4","2022-03-22",,"54","36",,,,,
"USW00094726","41.67908","-70.95911","22.4","2022-03-23",,"47","28",,,,,
"USW00094726","41.67908","-70.95911","22.4","2022-03-24",,"47","38",,,,,
"USW00094726","41.67908","-70.95911","22.4","2022-03-25",,"57","40",,,,,
"USW00094726","41.67908","-70.95911","22.4","2022-03-26",,"56","36",,,,,
"USW00094726","41.67908","-70.95911","22.4","2022-03-27",,"51","32",,,,,
"USW00094726","41.67908","-70.95911","22.4","2022-03-28",,"35","22",,,,,
"USW00094726","41.67908","-70.95911","22.4","2022-03-29",,"41","19",,,,,
"USW00094726","41.67908","-70.95911","22.4","2022-03-30",,"49","28",,,,,
"USW00094726","41.67908","-70.95911","22.4","2022-03-31",,"62","40",,,,,
"USW00094726","41.67908","-70.95911","22.4","2022-04-01",,"61","40",,,,,
"USW00094726","41.67908","-70.95911","22.4","2022-04-02",,"55","33",,,,,
"USW00094726","41.67908","-70.95911","22.4","2022-04-03",,"52","29",,,,,
"USW00094726","41.67908","-70.95911","22.4","2022-04-04",,"57","38",,,,,
"USW00094726","41.67908","-70.95911","22.4","2022-04-05",,"58","31",,,,,
"USW00094726","41.67908","-70.95911","22.4","2022-04-06",,"48","41",,,,,
"USW00094726","41.67908","-70.95911","22.4","2022-04-07",,"56","40",,,,,
"USW00094726","41.67908","-70.95911","22.4","2022-04-08",,"64","41",,,,,
"USW00094726","41.67908","-70.95911","22.4","2022-04-09",,"59","39",,,,,
"USW00094726","41.67908","-70.95911","22.4","2022-04-10",,"58","38",,,,,
"USW00094726","41.67908","-70.95911","22.4","2022-04-11",,"61","39",,,,,
"USW00094726","41.67908","-70.95911","22.4","2022-04-12",,"68","45",,,,,
"USW00094726","41.67908","-70.95911","22.4","2022-04-13",,"68","36",,,,,
"USW00094726","41.67908","-70.95911","22.4","2022-04-14",,"65","47",,,,,
"USW00094726","41.67908","-70.95911","22.4","2022-04-15",,"67","47",,,,,
"USW00094726","41.67908","-70.95911","22.4","2022-04-16",,"63","45",,,,,
"USW00094726","41.67908","-70.95911","22.4","2022-04-17",,"52","36",,,,,
"USW00094726","41.67908","-70.95911","22.4","2022-04-18",,"54","28",,,,,
"USW00094726","41.67908","-70.95911","22.4","2022-04-19",,"56","44",,,,,
"USW00094726","41.67908","-70.95911","22.4","2022-04-20",,"59","36",,,,,
"USW00094726","41.67908","-70.95911","22.4","2022-04-21",,"59","31",,,,,
"USW00094726","41.67908","-70.95911","22.4","2022-04-22",,"68","40",,,,,
"USW00094726","41.67908","-70.95911","22.4","2022-04-23",,"60","32",,,,,
"USW00094726","41.67908","-70.95911","22.4","2022-04-24",,"54","42",,,,,
"USW00094726","41.67908","-70.95911","22.4","2022-04-25",,"60","37",,,,,
"USW00094726","41.67908","-70.95911","22.4","2022-04-26",,"54","41",,,,,
"USW00094726","41.67908","-70.95911","22.4","2022-04-27",,"60","42",,,,,
"USW00094726","41.67908","-70.95911","22.4","2022-04-28",,"53","39",,,,,
"USW00094726","41.67908","-70.95911","22.4","2022-04-29",,"58","39",,,,,
"USW00094726","41.67908","-70.95911","22.4","2022-04-30",,"58","35",,,,,
"USW00094726","41.67908","-70.95911","22.4","2022-05-01",,"65","33",,,,,
"USW00094726","41.67908","-70.95911","22.4","2022-05-02",,"55","37",,,,,
"USW00094726","41.67908","-70.95911","22.4","2022-05-03",,"58","46",,,,,
"USW00094726","41.67908","-70.95911","22.4","2022-05-04",,"59","48",,,,,
"USW00094726","41.67908","-70.95911","22.4","2022-05-05",,"68","49",,,,,
"USW00094726","41.67908","-70.95911","22.4","2022-05-06",,"63","45",,,,,
"USW00094726","41.67908","-70.95911","22.4","2022-05-07",,"51","46",,,,,
"USW00094726","41.67908","-70.95911","22.4","2022-05-08",,"53","43",,,,,
"USW00094726","41.67908","-70.95911","22.4","2022-05-09",,"57","44",,,,,
"USW00094726","41.67908","-70.95911","22.4","2022-05-10",,"58","46",,,,,
"USW00094726","41.67908","-70.95911","22.4","2022-05-11",,"62","47",,,,,
"USW00094726","41.67908","-70.95911","22.4","2022-05-12",,"76","50",,,,,
"USW00094726","41.67908","-70.95911","22.4","2022-05-13",,"74","56",,,,,
"USW00094726","41.67908","-70.95911","22.4","2022-05-14",,"80","49",,,,,
"USW00094726","41.67908","-70.95911","22.4","2022-05-15",,"74","57",,,,,
"USW00094726","41.67908","-70.95911","22.4","2022-05-16",,"76","55",,,,,
"USW00094726","41.67908","-70.95911","22.4","2022-05-17",,"73","56",,,,,
"USW00094726","41.67908","-70.95911","22.4","2022-05-18",,"73","52",,,,,
"USW00094726","41.67908","-70.95911","22.4","2022-05-19",,"58","53",,,,,
"USW00094726","41.67908","-70.95911","22.4","2022-05-20",,"68","43",,,,,
"USW00094726","41.67908","-70.95911","22.4","2022-05-21",,"81","60","    1",,"    1","    1",
"USW00094726","41.67908","-70.95911","22.4","2022-05-22",,"87","60",,,,,
"USW00094726","41.67908","-70.95911","22.4","2022-05-23",,"71","54",,,,,
"USW00094726","41.67908","-70.95911","22.4","2022-05-24",,"67","45",,,,,
"USW00094726","41.67908","-70.95911","22.4","2022-05-25",,"65","41",,,,,
"USW00094726","41.67908","-70.95911","22.4","2022-05-26",,"66","43",,,,,
"USW00094726","41.67908","-70.95911","22.4","2022-05-27",,"75","61",,,,,
"USW00094726","41.67908","-70.95911","22.4","2022-05-28",,"69","59",,,,,
"USW00094726","41.67908","-70.95911","22.4","2022-05-29",,"75","55",,,,,
"USW00094726","41.67908","-70.95911","22.4","2022-05-30",,"83","53",,,,,
"USW00094726","41.67908","-70.95911","22.4","2022-05-31",,"85","56",,,,,
"USW00094726","41.67908","-70.95911","22.4","2022-06-01",,"66","56",,,,,
"USW00094726","41.67908","-70.95911","22.4","2022-06-02",,"74","33",,,,,
"USW00094726","41.67908","-70.95911","22.4","2022-06-03",,"73","55",,,,,
"USW00094726","41.67908","-70.95911","22.4","2022-06-04",,"70","56",,,,,
"USW00094726","41.67908","-70.95911","22.4","2022-06-05",,"76","48",,,,,
"USW00094726","41.67908","-70.95911","22.4","2022-06-06",,"79","45",,,,,
"USW00094726","41.67908","-70.95911","22.4","2022-06-07",,"77","51",,,,,
"USW00094726","41.67908","-70.95911","22.4","2022-06-08",,"81","62",,,,,
"USW00094726","41.67908","-70.95911","22.4","2022-06-09",,"77","61",,,,,
"USW00094726","41.67908","-70.95911","22.4","2022-06-10",,"78","54",,,,,
"USW00094726","41.67908","-70.95911","22.4","2022-06-11",,"78","56",,,,,
"USW00094726","41.67908","-70.95911","22.4","2022-06-12",,"75","62",,,,,
"USW00094726","41.67908","-70.95911","22.4","2022-06-13",,"84","64","    1",,"    1",,
"USW00094726","41.67908","-70.95911","22.4","2022-06-14",,"81","57",,,,,
"USW00094726","41.67908","-70.95911","22.4","2022-06-15",,"76","54",,,,,
"USW00094726","41.67908","-70.95911","22.4","2022-06-16",,"72","48",,,,,
"USW00094726","41.67908","-70.95911","22.4","2022-06-17",,"81","60",,,,,
"USW00094726","41.67908","-70.95911","22.4","2022-06-18",,"72","55",,,,,
"USW00094726","41.67908","-70.95911","22.4","2022-06-19",,"61","50",,,,,
"USW00094726","41.67908","-70.95911","22.4","2022-06-20",,"79","47",,,,,
"USW00094726","41.67908","-70.95911","22.4","2022-06-21",,"73","47",,,,,
"USW00094726","41.67908","-70.95911","22.4","2022-06-22",,"72","60",,,,,
"USW00094726","41.67908","-70.95911","22.4","2022-06-23",,"76","53",,,,,
"USW00094726","41.67908","-70.95911","22.4","2022-06-24",,"79","49",,,,,
"USW00094726","41.67908","-70.95911","22.4","2022-06-25",,"88","57",,,,,
"USW00094726","41.67908","-70.95911","22.4","2022-06-26",,"89","58",,,,,
"USW00094726","41.67908","-70.95911","22.4","2022-06-27",,"75","66","    1",,,,
"USW00094726","41.67908","-70.95911","22.4","2022-06-28",,"80","57",,,,,
"USW00094726","41.67908","-70.95911","22.4","2022-06-29",,"82","54",,,,,
"USW00094726","41.67908","-70.95911","22.4","2022-06-30",,"82","56",,,,,
"USW00094726","41.67908","-70.95911","22.4","2022-07-01",,"85","60",,,,,
"USW00094726","41.67908","-70.95911","22.4","2022-07-02",,"82","70",,,,,
"USW00094726","41.67908","-70.95911","22.4","2022-07-03",,"85","59",,,,,
"USW00094726","41.67908","-70.95911","22.4","2022-07-04",,"83","59",,,,,
"USW00094726","41.67908","-70.95911","22.4","2022-07-05",,"75","57",,,,,
"USW00094726","41.67908","-70.95911","22.4","2022-07-06",,"87","61",,,,,
"USW00094726","41.67908","-70.95911","22.4","2022-07-07",,"79","56",,,,,
"USW00094726","41.67908","-70.95911","22.4","2022-07-08",,"82","54",,,,,
"USW00094726","41.67908","-70.95911","22.4","2022-07-09",,"81","57",,,,,
"USW00094726","41.67908","-70.95911","22.4","2022-07-10",,"81","54",,,,,
"USW00094726","41.67908","-70.95911","22.4","2022-07-11",,"82","53",,,,,
"USW00094726","41.67908","-70.95911","22.4","2022-07-12",,"81","66",,,"    1",,
"USW00094726","41.67908","-70.95911","22.4","2022-07-13",,"92","66",,,,,
"USW00094726","41.67908","-70.95911","22.4","2022-07-14",,"88","66",,,,,
"USW00094726","41.67908","-70.95911","22.4","2022-07-15",,"84","61",,,,,
"USW00094726","41.67908","-70.95911","22.4","2022-07-16",,"82","57",,,,,
"USW00094726","41.67908","-70.95911","22.4","2022-07-17",,"87","65",,,,,
"USW00094726","41.67908","-70.95911","22.4","2022-07-18",,"83","69",,,,,
"USW00094726","41.67908","-70.95911","22.4","2022-07-19",,"93","70",,,,,
"USW00094726","41.67908","-70.95911","22.4","2022-07-20",,"95","66",,,,,
"USW00094726","41.67908","-70.95911","22.4","2022-07-21",,"89","72",,,,,
"USW00094726","41.67908","-70.95911","22.4","2022-07-22",,"95","72",,,,,
"USW00094726","41.67908","-70.95911","22.4","2022-07-23",,"97","69",,,,,
"USW00094726","41.67908","-70.95911","22.4","2022-07-24",,"93","67",,,,,
"USW00094726","41.67908","-70.95911","22.4","2022-07-25",,"83","71","    1",,,,
"USW00094726","41.67908","-70.95911","22.4","2022-07-26",,"85","61",,,,,
"USW00094726","41.67908","-70.95911","22.4","2022-07-27",,"87","56",,,,,
"USW00094726","41.67908","-70.95911","22.4","2022-07-28",,"85","62",,,,,
"USW00094726","41.67908","-70.95911","22.4","2022-07-29",,"91","73","    1",,,,
"USW00094726","41.67908","-70.95911","22.4","2022-07-30",,"90","63",,,,,
"USW00094726","41.67908","-70.95911","22.4","2022-07-31",,"86","58",,,,,
"USW00094726","41.67908","-70.95911","22.4","2022-08-01",,"78","67",,,,,
"USW00094726","41.67908","-70.95911","22.4","2022-08-02",,"88","67",,,,,
"USW00094726","41.67908","-70.95911","22.4","2022-08-03",,"90","65",,,,,
"USW00094726","41.67908","-70.95911","22.4","2022-08-04",,"93","62",,,,,
"USW00094726","41.67908","-70.95911","22.4","2022-08-05",,"93","73",,,,,
"USW00094726","41.67908","-70.95911","22.4","2022-08-06",,"92","73",,,,,
"USW00094726","41.67908","-70.95911","22.4","2022-08-07",,"92","76",,,,,
"USW00094726","41.67908","-70.95911","22.4","2022-08-08",,"91","75",,,,,
"USW00094726","41.67908","-70.95911","22.4","2022-08-09",,"94","71","    1",,"    1",,
"USW00094726","41.67908","-70.95911","22.4","2022-08-10",,"79","67","    1",,,,
"USW00094726","41.67908","-70.95911","22.4","2022-08-11",,"78","63","    1",,,,
"USW00094726","41.67908","-70.95911","22.4","2022-08-12",,"83","66","    1",,,,
"USW00094726","41.67908","-70.95911","22.4","2022-08-13",,"80","57",,,,,
"USW00094726","41.67908","-70.95911","22.4","2022-08-14",,"83","51","    1",,,,
"USW00094726","41.67908","-70.95911","22.4","2022-08-15",,"82","54","    1",,,,
"USW00094726","41.67908","-70.95911","22.4","2022-08-16",,"79","57",,,,,
"USW00094726","41.67908","-70.95911","22.4","2022-08-17",,"79","59",,,,,
"USW00094726","41.67908","-70.95911","22.4","2022-08-18",,"84","61",,,,,
"USW00094726","41.67908","-70.95911","22.4","2022-08-19",,"90","60",,,,,
"USW00094726","41.67908","-70.95911","22.4","2022-08-20",,"89","63",,"    1",,,
"USW00094726","41.67908","-70.95911","22.4","2022-08-21",,"86","63",,"    1",,,
"USW00094726","41.67908","-70.95911","22.4","2022-08-22",,"76","70","    1",,,,
"USW00094726","41.67908","-70.95911","22.4","2022-08-23",,"81","68","    1",,"    1",,
"USW00094726","41.67908","-70.95911","22.4","2022-08-24",,"87","67",,"    1",,,
"USW00094726","41.67908","-70.95911","22.4","2022-08-25",,"88","64",,,,,
"USW00094726","41.67908","-70.95911","22.4","2022-08-26",,"86","64",,,,,
"USW00094726","41.67908","-70.95911","22.4","2022-08-27",,"84","63",,,,,
"USW00094726","41.67908","-70.95911","22.4","2022-08-28",,"81","59",,,,,
"USW00094726","41.67908","-70.95911","22.4","2022-08-29",,"85","56",,,,,
"USW00094726","41.67908","-70.95911","22.4","2022-08-30",,"85","71",,,,,
"USW00094726","41.67908","-70.95911","22.4","2022-08-31",,"86","58",,,,,
"USW00094726","41.67908","-70.95911","22.4","2022-09-01",,"82","55",,,,,
"USW00094726","41.67908","-70.95911","22.4","2022-09-02",,"77","49",,,,,
"USW00094726","41.67908","-70.95911","22.4","2022-09-03",,"78","48",,,,,
"USW00094726","41.67908","-70.95911","22.4","2022-09-04",,"83","53",,,,,
"USW00094726","41.67908","-70.95911","22.4","2022-09-05",,"79","62",,,,,
"USW00094726","41.67908","-70.95911","22.4","2022-09-06",,"68","61",,,,,
"USW00094726","41.67908","-70.95911","22.4","2022-09-07",,"71","61",,,,,
"USW00094726","41.67908","-70.95911","22.4","2022-09-08",,"76","58",,,,,
"USW00094726","41.67908","-70.95911","22.4","2022-09-09",,"79","58",,,,,
"USW00094726","41.67908","-70.95911","22.4","2022-09-10",,"86","55",,,,,
"USW00094726","41.67908","-70.95911","22.4","2022-09-11",,"84","61",,,,,
"USW00094726","41.67908","-70.95911","22.4","2022-09-12",,"73","64",,,,,
"USW00094726","41.67908","-70.95911","22.4","2022-09-13",,"74","69",,,,,
"USW00094726","41.67908","-70.95911","22.4","2022-09-14",,"79","59",,,,,
"USW00094726","41.67908","-70.95911","22.4","2022-09-15",,"72","50",,,,,
"USW00094726","41.67908","-70.95911","22.4","2022-09-16",,"73","44",,,,,
"USW00094726","41.67908","-70.95911","22.4","2022-09-17",,"70","45",,,,,
"USW00094726","41.67908","-70.95911","22.4","2022-09-18",,"80","51",,,,,
"USW00094726","41.67908","-70.95911","22.4","2022-09-19",,"72","64",,,,,
"USW00094726","41.67908","-70.95911","22.4","2022-09-20",,"71","58",,,,,
"USW00094726","41.67908","-70.95911","22.4","2022-09-21",,"69","57",,,,,
"USW00094726","41.67908","-70.95911","22.4","2022-09-22",,"75","54",,,,,
"USW00094726","41.67908","-70.95911","22.4","2022-09-23",,"62","47",,,,,
"USW00094726","41.67908","-70.95911","22.4","2022-09-24",,"70","43",,,,,
"USW00094726","41.67908","-70.95911","22.4","2022-09-25",,"73","43",,,,,
"USW00094726","41.67908","-70.95911","22.4","2022-09-26",,"72","55",,,,,
"USW00094726","41.67908","-70.95911","22.4","2022-09-27",,"73","47",,,,,
"USW00094726","41.67908","-70.95911","22.4","2022-09-28",,"72","44",,,,,
"USW00094726","41.67908","-70.95911","22.4","2022-09-29",,"68","48",,,,,
"USW00094726","41.67908","-70.95911","22.4","2022-09-30",,"65","45",,,,,
"USW00094726","41.67908","-70.95911","22.4","2022-10-01",,"58","49",,,,,
"USW00094726","41.67908","-70.95911","22.4","2022-10-02",,"59","51",,,,,
"USW00094726","41.67908","-70.95911","22.4","2022-10-03",,"55","51",,,,,
"USW00094726","41.67908","-70.95911","22.4","2022-10-04",,"59","54",,,,,
"USW00094726","41.67908","-70.95911","22.4","2022-10-05",,"60","57",,,,,
"USW00094726","41.67908","-70.95911","22.4","2022-10-06",,"73","53",,,,,
"USW00094726","41.67908","-70.95911","22.4","2022-10-07",,"74","52",,,,,
"USW00094726","41.67908","-70.95911","22.4","2022-10-08",,"60","41","    1",,,,
"USW00094726","41.67908","-70.95911","22.4","2022-10-09",,"62","33",,,,,
"USW00094726","41.67908","-70.95911","22.4","2022-10-10",,"68","37",,,,,
"USW00094726","41.67908","-70.95911","22.4","2022-10-11",,"67","39",,,,,
"USW00094726","41.67908","-70.95911","22.4","2022-10-12",,"74","42",,,,,
"USW00094726","41.67908","-70.95911","22.4","2022-10-13",,"68","57",,,,,
"USW00094726","41.67908","-70.95911","22.4","2022-10-14",,"73","57",,,,,
"USW00094726","41.67908","-70.95911","22.4","2022-10-15",,"71","47",,,,,
"USW00094726","41.67908","-70.95911","22.4","2022-10-16",,"71","44",,,,,
"USW00094726","41.67908","-70.95911","22.4","2022-10-17",,"65","45",,,,,
"USW00094726","41.67908","-70.95911","22.4","2022-10-18",,"68","41",,,,,
"USW00094726","41.67908","-70.95911","22.4","2022-10-19",,"57","35",,,,,
"USW00094726","41.67908","-70.95911","22.4","2022-10-20",,"58","31",,,,,
"USW00094726","41.67908","-70.95911","22.4","2022-10-21",,"65","35",,"    1",,,
"USW00094726","41.67908","-70.95911","22.4","2022-10-22",,"67","35",,,,,
"USW00094726","41.67908","-70.95911","22.4","2022-10-23",,"62","44",,,,,
"USW00094726","41.67908","-70.95911","22.4","2022-10-24",,"62","54",,,,,
"USW00094726","41.67908","-70.95911","22.4","2022-10-25",,"71","58",,,,,
"USW00094726","41.67908","-70.95911","22.4","2022-10-26",,"73","64",,,,,
"USW00094726","41.67908","-70.95911","22.4","2022-10-27",,"70","47",,,,,
"USW00094726","41.67908","-70.95911","22.4","2022-10-28",,"56","38",,,,,
"USW00094726","41.67908","-70.95911","22.4","2022-10-29",,"62","31",,,,,
"USW00094726","41.67908","-70.95911","22.4","2022-10-30",,"65","30",,,,,
"USW00094726","41.67908","-70.95911","22.4","2022-10-31",,"63","37",,,,,
"USW00094726","41.67908","-70.95911","22.4","2022-11-01",,"63","54",,,,,
"USW00094726","41.67908","-70.95911","22.4","2022-11-02",,"70","38",,,,,
"USW00094726","41.67908","-70.95911","22.4","2022-11-03",,"67","34",,,,,
"USW00094726","41.67908","-70.95911","22.4","2022-11-04",,"71","38",,,,,
"USW00094726","41.67908","-70.95911","22.4","2022-11-05",,"75","59",,,,,
"USW00094726","41.67908","-70.95911","22.4","2022-11-06",,"75","65",,,,,
"USW00094726","41.67908","-70.95911","22.4","2022-11-07",,"79","54",,,,,
"USW00094726","41.67908","-70.95911","22.4","2022-11-08",,"56","39",,,,,
"USW00094726","41.67908","-70.95911","22.4","2022-11-09",,"54","33",,,,,
"USW00094726","41.67908","-70.95911","22.4","2022-11-10",,"65","33",,,,,
"USW00094726","41.67908","-70.95911","22.4","2022-11-11",,"71","51",,,,,
"USW00094726","41.67908","-70.95911","22.4","2022-11-12",,"76","52",,,,,
"USW00094726","41.67908","-70.95911","22.4","2022-11-13",,"54","40",,,,,
"USW00094726","41.67908","-70.95911","22.4","2022-11-14",,"47","25",,,,,
"USW00094726","41.67908","-70.95911","22.4","2022-11-15",,"47","23",,,,,
"USW00094726","41.67908","-70.95911","22.4","2022-11-16",,"63","38",,,,,
"USW00094726","41.67908","-70.95911","22.4","2022-11-17",,"49","35",,,,,
"USW00094726","41.67908","-70.95911","22.4","2022-11-18",,"45","29",,,,,
"USW00094726","41.67908","-70.95911","22.4","2022-11-19",,"44","24",,,,,
"USW00094726","41.67908","-70.95911","22.4","2022-11-20",,"40","22",,,,,
"USW00094726","41.67908","-70.95911","22.4","2022-11-21",,"45","24",,,,,
"USW00094726","41.67908","-70.95911","22.4","2022-11-22",,"49","27",,,,,
"USW00094726","41.67908","-70.95911","22.4","2022-11-23",,"54","27",,,,,
"USW00094726","41.67908","-70.95911","22.4","2022-11-24",,"48","25",,,,,
"USW00094726","41.67908","-70.95911","22.4","2022-11-25",,"55","31",,,,,
"USW00094726","41.67908","-70.95911","22.4","2022-11-26",,"53","37",,,,,
"USW00094726","41.67908","-70.95911","22.4","2022-11-27",,"61","32",,,,,
"USW00094726","41.67908","-70.95911","22.4","2022-11-28",,"60","34",,,,,
"USW00094726","41.67908","-70.95911","22.4","2022-11-29",,"47","27",,,,,
"USW00094726","41.67908","-70.95911","22.4","2022-11-30",,"59","33",,,,,
"USW00094726","41.67908","-70.95911","22.4","2022-12-01",,"45","30",,,,,
"USW00094726","41.67908","-70.95911","22.4","2022-12-02",,"46","24",,,,,
"USW00094726","41.67908","-70.95911","22.4","2022-12-03",,"59","37",,,,,
"USW00094726","41.67908","-70.95911","22.4","2022-12-04",,"44","25",,,,,
"USW00094726","41.67908","-70.95911","22.4","2022-12-05",,"50","21",,,,,
"USW00094726","41.67908","-70.95911","22.4","2022-12-06",,"56","37",,,,,
"USW00094726","41.67908","-70.95911","22.4","2022-12-07",,"60","51",,,,,
"USW00094726","41.67908","-70.95911","22.4","2022-12-08",,"58","36",,,,,
"USW00094726","41.67908","-70.95911","22.4","2022-12-09",,"47","31",,,,,
"USW00094726","41.67908","-70.95911","22.4","2022-12-10",,"40","34",,,,,
"USW00094726","41.67908","-70.95911","22.4","2022-12-11",,"36","29",,,,,
"USW00094726","41.67908","-70.95911","22.4","2022-12-12",,"34","25",,,,,
"USW00094726","41.67908","-70.95911","22.4","2022-12-13",,"43","24",,,,,
"USW00094726","41.67908","-70.95911","22.4","2022-12-14",,"40","25",,,,,
"USW00094726","41.67908","-70.95911","22.4","2022-12-15",,"43","31",,,,,
"USW00094726","41.67908","-70.95911","22.4","2022-12-16",,"47","42",,,,,
"USW00094726","41.67908","-70.95911","22.4","2022-12-17",,"47","35",,,,,
"USW00094726","41.67908","-70.95911","22.4","2022-12-18",,"44","31",,,,,
"USW00094726","41.67908","-70.95911","22.4","2022-12-19",,"43","28",,,,,
"USW00094726","41.67908","-70.95911","22.4","2022-12-20",,"43","28",,,,,
"USW00094726","41.67908","-70.95911","22.4","2022-12-21",,"42","23",,,,,
"USW00094726","41.67908","-70.95911","22.4","2022-12-22",,"48","21",,,,,
"USW00094726","41.67908","-70.95911","22.4","2022-12-23",,"58","19",,,,,
"USW00094726","41.67908","-70.95911","22.4","2022-12-24",,"19","11",,,,,
"USW00094726","41.67908","-70.95911","22.4","2022-12-25",,"29","15",,,,,
"USW00094726","41.67908","-70.95911","22.4","2022-12-26",,"34","19",,,,,
"USW00094726","41.67908","-70.95911","22.4","2022-12-27",,"36","18",,,,,
"USW00094726","41.67908","-70.95911","22.4","2022-12-28",,"45","17",,,,,
"USW00094726","41.67908","-70.95911","22.4","2022-12-29",,"53","31",,,,,
"USW00094726","41.67908","-70.95911","22.4","2022-12-30",,"60","34",,,,,
"USW00094726","41.67908","-70.95911","22.4","2022-12-31",,"58","47",,,,,
"US1MABR0052","41.72305","-70.944","34.4","2022-01-01",,,,,,,,
"US1MABR0052","41.72305","-70.944","34.4","2022-01-02",,,,,,,,
"US1MABR0052","41.72305","-70.944","34.4","2022-01-03",,,,,,,,
"US1MABR0052","41.72305","-70.944","34.4","2022-01-04",,,,,,,,
"US1MABR0052","41.72305","-70.944","34.4","2022-01-05",,,,,,,,
"US1MABR0052","41.72305","-70.944","34.4","2022-01-06",,,,,,,,
"US1MABR0052","41.72305","-70.944","34.4","2022-01-07",,,,,,,,
"US1MABR0052","41.72305","-70.944","34.4","2022-01-08",,,,,,,,
"US1MABR0052","41.72305","-70.944","34.4","2022-01-09",,,,,,,,
"US1MABR0052","41.72305","-70.944","34.4","2022-01-10",,,,,,,,
"US1MABR0052","41.72305","-70.944","34.4","2022-01-11",,,,,,,,
"US1MABR0052","41.72305","-70.944","34.4","2022-01-12",,,,,,,,
"US1MABR0052","41.72305","-70.944","34.4","2022-01-13",,,,,,,,
"US1MABR0052","41.72305","-70.944","34.4","2022-01-14",,,,,,,,
"US1MABR0052","41.72305","-70.944","34.4","2022-01-15",,,,,,,,
"US1MABR0052","41.72305","-70.944","34.4","2022-01-16",,,,,,,,
"US1MABR0052","41.72305","-70.944","34.4","2022-01-17",,,,,,,,
"US1MABR0052","41.72305","-70.944","34.4","2022-01-18",,,,,,,,
"US1MABR0052","41.72305","-70.944","34.4","2022-01-19",,,,,,,,
"US1MABR0052","41.72305","-70.944","34.4","2022-01-20",,,,,,,,
"US1MABR0052","41.72305","-70.944","34.4","2022-01-21",,,,,,,,
"US1MABR0052","41.72305","-70.944","34.4","2022-01-22",,,,,,,,
"US1MABR0052","41.72305","-70.944","34.4","2022-01-23",,,,,,,,
"US1MABR0052","41.72305","-70.944","34.4","2022-01-24",,,,,,,,
"US1MABR0052","41.72305","-70.944","34.4","2022-01-25",,,,,,,,
"US1MABR0052","41.72305","-70.944","34.4","2022-01-26",,,,,,,,
"US1MABR0052","41.72305","-70.944","34.4","2022-01-27",,,,,,,,
"US1MABR0052","41.72305","-70.944","34.4","2022-01-28",,,,,,,,
"US1MABR0052","41.72305","-70.944","34.4","2022-01-30",,,,,,,,
"US1MABR0052","41.72305","-70.944","34.4","2022-01-31",,,,,,,,
"US1MABR0052","41.72305","-70.944","34.4","2022-02-01",,,,,,,,
"US1MABR0052","41.72305","-70.944","34.4","2022-02-02",,,,,,,,
"US1MABR0052","41.72305","-70.944","34.4","2022-02-03",,,,,,,,
"US1MABR0052","41.72305","-70.944","34.4","2022-02-04",,,,,,,,
"US1MABR0052","41.72305","-70.944","34.4","2022-02-05",,,,,,,,
"US1MABR0052","41.72305","-70.944","34.4","2022-02-06",,,,,,,,
"US1MABR0052","41.72305","-70.944","34.4","2022-02-07",,,,,,,,
"US1MABR0052","41.72305","-70.944","34.4","2022-02-08",,,,,,,,
"US1MABR0052","41.72305","-70.944","34.4","2022-02-09",,,,,,,,
"US1MABR0052","41.72305","-70.944","34.4","2022-02-10",,,,,,,,
"US1MABR0052","41.72305","-70.944","34.4","2022-02-11",,,,,,,,
"US1MABR0052","41.72305","-70.944","34.4","2022-02-12",,,,,,,,
"US1MABR0052","41.72305","-70.944","34.4","2022-02-13",,,,,,,,
"US1MABR0052","41.72305","-70.944","34.4","2022-02-14",,,,,,,,
"US1MABR0052","41.72305","-70.944","34.4","2022-02-15",,,,,,,,
"US1MABR0052","41.72305","-70.944","34.4","2022-02-16",,,,,,,,
"US1MABR0052","41.72305","-70.944","34.4","2022-02-17",,,,,,,,
"US1MABR0052","41.72305","-70.944","34.4","2022-02-18",,,,,,,,
"US1MABR0052","41.72305","-70.944","34.4","2022-02-19",,,,,,,,
"US1MABR0052","41.72305","-70.944","34.4","2022-02-20",,,,,,,,
"US1MABR0052","41.72305","-70.944","34.4","2022-02-21",,,,,,,,
"US1MABR0052","41.72305","-70.944","34.4","2022-02-22",,,,,,,,
"US1MABR0052","41.72305","-70.944","34.4","2022-02-23",,,,,,,,
"US1MABR0052","41.72305","-70.944","34.4","2022-02-24",,,,,,,,
"US1MABR0052","41.72305","-70.944","34.4","2022-02-25",,,,,,,,
"US1MABR0052","41.72305","-70.944","34.4","2022-02-26",,,,,,,,
"US1MABR0052","41.72305","-70.944","34.4","2022-02-27",,,,,,,,
"US1MABR0052","41.72305","-70.944","34.4","2022-02-28",,,,,,,,
"US1MABR0052","41.72305","-70.944","34.4","2022-03-01",,,,,,,,
"US1MABR0052","41.72305","-70.944","34.4","2022-03-02",,,,,,,,
"US1MABR0052","41.72305","-70.944","34.4","2022-03-03",,,,,,,,
"US1MABR0052","41.72305","-70.944","34.4","2022-03-04",,,,,,,,
"US1MABR0052","41.72305","-70.944","34.4","2022-03-05",,,,,,,,
"US1MABR0052","41.72305","-70.944","34.4","2022-03-06",,,,,,,,
"US1MABR0052","41.72305","-70.944","34.4","2022-03-07",,,,,,,,
"US1MABR0052","41.72305","-70.944","34.4","2022-03-08",,,,,,,,
"US1MABR0052","41.72305","-70.944","34.4","2022-03-09",,,,,,,,
"US1MABR0052","41.72305","-70.944","34.4","2022-03-10",,,,,,,,
"US1MABR0052","41.72305","-70.944","34.4","2022-03-11",,,,,,,,
"US1MABR0052","41.72305","-70.944","34.4","2022-03-12",,,,,,,,
"US1MABR0052","41.72305","-70.944","34.4","2022-03-13",,,,,,,,
"US1MABR0052","41.72305","-70.944","34.4","2022-03-14",,,,,,,,
"US1MABR0052","41.72305","-70.944","34.4","2022-03-15",,,,,,,,
"US1MABR0052","41.72305","-70.944","34.4","2022-03-16",,,,,,,,
"US1MABR0052","41.72305","-70.944","34.4","2022-03-17",,,,,,,,
"US1MABR0052","41.72305","-70.944","34.4","2022-03-18",,,,,,,,
"US1MABR0052","41.72305","-70.944","34.4","2022-03-19",,,,,,,,
"US1MABR0052","41.72305","-70.944","34.4","2022-03-20",,,,,,,,
"US1MABR0052","41.72305","-70.944","34.4","2022-03-21",,,,,,,,
"US1MABR0052","41.72305","-70.944","34.4","2022-03-22",,,,,,,,
"US1MABR0052","41.72305","-70.944","34.4","2022-03-23",,,,,,,,
"US1MABR0052","41.72305","-70.944","34.4","2022-03-24",,,,,,,,
"US1MABR0052","41.72305","-70.944","34.4","2022-03-25",,,,,,,,
"US1MABR0052","41.72305","-70.944","34.4","2022-03-26",,,,,,,,
"US1MABR0052","41.72305","-70.944","34.4","2022-03-27",,,,,,,,
"US1MABR0052","41.72305","-70.944","34.4","2022-03-28",,,,,,,,
"US1MABR0052","41.72305","-70.944","34.4","2022-03-29",,,,,,,,
"US1MABR0052","41.72305","-70.944","34.4","2022-03-30",,,,,,,,
"US1MABR0052","41.72305","-70.944","34.4","2022-03-31",,,,,,,,
"US1MABR0052","41.72305","-70.944","34.4","2022-04-01",,,,,,,,
"US1MABR0052","41.72305","-70.944","34.4","2022-04-02",,,,,,,,
"US1MABR0052","41.72305","-70.944","34.4","2022-04-03",,,,,,,,
"US1MABR0052","41.72305","-70.944","34.4","2022-04-04",,,,,,,,
"US1MABR0052","41.72305","-70.944","34.4","2022-04-05",,,,,,,,
"US1MABR0052","41.72305","-70.944","34.4","2022-04-06",,,,,,,,
"US1MABR0052","41.72305","-70.944","34.4","2022-04-07",,,,,,,,
"US1MABR0052","41.72305","-70.944","34.4","2022-04-08",,,,,,,,
"US1MABR0052","41.72305","-70.944","34.4","2022-04-09",,,,,,,,
"US1MABR0052","41.72305","-70.944","34.4","2022-04-10",,,,,,,,
"US1MABR0052","41.72305","-70.944","34.4","2022-04-11",,,,,,,,
"US1MABR0052","41.72305","-70.944","34.4","2022-04-12",,,,,,,,
"US1MABR0052","41.72305","-70.944","34.4","2022-04-13",,,,,,,,
"US1MABR0052","41.72305","-70.944","34.4","2022-04-14",,,,,,,,
"US1MABR0052","41.72305","-70.944","34.4","2022-04-15",,,,,,,,
"US1MABR0052","41.72305","-70.944","34.4","2022-04-16",,,,,,,,
"US1MABR0052","41.72305","-70.944","34.4","2022-04-17",,,,,,,,
"US1MABR0052","41.72305","-70.944","34.4","2022-04-18",,,,,,,,
"US1MABR0052","41.72305","-70.944","34.4","2022-04-19",,,,,,,,
"US1MABR0052","41.72305","-70.944","34.4","2022-04-20",,,,,,,,
"US1MABR0052","41.72305","-70.944","34.4","2022-04-21",,,,,,,,
"US1MABR0052","41.72305","-70.944","34.4","2022-04-22",,,,,,,,
"US1MABR0052","41.72305","-70.944","34.4","2022-04-23",,,,,,,,
"US1MABR0052","41.72305","-70.944","34.4","2022-04-24",,,,,,,,
"US1MABR0052","41.72305","-70.944","34.4","2022-04-25",,,,,,,,
"US1MABR0052","41.72305","-70.944","34.4","2022-04-26",,,,,,,,
"US1MABR0052","41.72305","-70.944","34.4","2022-04-27",,,,,,,,
"US1MABR0052","41.72305","-70.944","34.4","2022-04-28",,,,,,,,
"US1MABR0052","41.72305","-70.944","34.4","2022-04-29",,,,,,,,
"US1MABR0052","41.72305","-70.944","34.4","2022-04-30",,,,,,,,
"US1MABR0052","41.72305","-70.944","34.4","2022-05-01",,,,,,,,
"US1MABR0052","41.72305","-70.944","34.4","2022-05-02",,,,,,,,
"US1MABR0052","41.72305","-70.944","34.4","2022-05-03",,,,,,,,
"US1MABR0052","41.72305","-70.944","34.4","2022-05-04",,,,,,,,
"US1MABR0052","41.72305","-70.944","34.4","2022-05-05",,,,,,,,
"US1MABR0052","41.72305","-70.944","34.4","2022-05-06",,,,,,,,
"US1MABR0052","41.72305","-70.944","34.4","2022-05-07",,,,,,,,
"US1MABR0052","41.72305","-70.944","34.4","2022-05-08",,,,,,,,
"US1MABR0052","41.72305","-70.944","34.4","2022-05-09",,,,,,,,
"US1MABR0052","41.72305","-70.944","34.4","2022-05-10",,,,,,,,
"US1MABR0052","41.72305","-70.944","34.4","2022-05-11",,,,,,,,
"US1MABR0052","41.72305","-70.944","34.4","2022-05-12",,,,,,,,
"US1MABR0052","41.72305","-70.944","34.4","2022-05-13",,,,,,,,
"US1MABR0052","41.72305","-70.944","34.4","2022-05-14",,,,,,,,
"US1MABR0052","41.72305","-70.944","34.4","2022-05-15",,,,,,,,
"US1MABR0052","41.72305","-70.944","34.4","2022-05-16",,,,,,,,
"US1MABR0052","41.72305","-70.944","34.4","2022-05-17",,,,,,,,
"US1MABR0052","41.72305","-70.944","34.4","2022-05-18",,,,,,,,
"US1MABR0052","41.72305","-70.944","34.4","2022-05-19",,,,,,,,
"US1MABR0052","41.72305","-70.944","34.4","2022-05-20",,,,,,,,
"US1MABR0052","41.72305","-70.944","34.4","2022-05-21",,,,,,,,
"US1MABR0052","41.72305","-70.944","34.4","2022-05-22",,,,,,,,
"US1MABR0052","41.72305","-70.944","34.4","2022-05-23",,,,,,,,
"US1MABR0052","41.72305","-70.944","34.4","2022-05-24",,,,,,,,
"US1MABR0052","41.72305","-70.944","34.4","2022-05-25",,,,,,,,
"US1MABR0052","41.72305","-70.944","34.4","2022-05-26",,,,,,,,
"US1MABR0052","41.72305","-70.944","34.4","2022-05-27",,,,,,,,
"US1MABR0052","41.72305","-70.944","34.4","2022-05-28",,,,,,,,
"US1MABR0052","41.72305","-70.944","34.4","2022-05-29",,,,,,,,
"US1MABR0052","41.72305","-70.944","34.4","2022-05-30",,,,,,,,
"US1MABR0052","41.72305","-70.944","34.4","2022-05-31",,,,,,,,
"US1MABR0052","41.72305","-70.944","34.4","2022-06-01",,,,,,,,
"US1MABR0052","41.72305","-70.944","34.4","2022-06-02",,,,,,,,
"US1MABR0052","41.72305","-70.944","34.4","2022-06-03",,,,,,,,
"US1MABR0052","41.72305","-70.944","34.4","2022-06-04",,,,,,,,
"US1MABR0052","41.72305","-70.944","34.4","2022-06-05",,,,,,,,
"US1MABR0052","41.72305","-70.944","34.4","2022-06-06",,,,,,,,
"US1MABR0052","41.72305","-70.944","34.4","2022-06-07",,,,,,,,
"US1MABR0052","41.72305","-70.944","34.4","2022-06-08",,,,,,,,
"US1MABR0052","41.72305","-70.944","34.4","2022-06-09",,,,,,,,
"US1MABR0052","41.72305","-70.944","34.4","2022-06-10",,,,,,,,
"US1MABR0052","41.72305","-70.944","34.4","2022-06-11",,,,,,,,
"US1MABR0052","41.72305","-70.944","34.4","2022-06-12",,,,,,,,
"US1MABR0052","41.72305","-70.944","34.4","2022-06-13",,,,,,,,
"US1MABR0052","41.72305","-70.944","34.4","2022-06-14",,,,,,,,
"US1MABR0052","41.72305","-70.944","34.4","2022-06-15",,,,,,,,
"US1MABR0052","41.72305","-70.944","34.4","2022-06-16",,,,,,,,
"US1MABR0052","41.72305","-70.944","34.4","2022-06-17",,,,,,,,
"US1MABR0052","41.72305","-70.944","34.4","2022-06-18",,,,,,,,
"US1MABR0052","41.72305","-70.944","34.4","2022-06-19",,,,,,,,
"US1MABR0052","41.72305","-70.944","34.4","2022-06-20",,,,,,,,
"US1MABR0052","41.72305","-70.944","34.4","2022-06-21",,,,,,,,
"US1MABR0052","41.72305","-70.944","34.4","2022-06-22",,,,,,,,
"US1MABR0052","41.72305","-70.944","34.4","2022-06-23",,,,,,,,
"US1MABR0052","41.72305","-70.944","34.4","2022-06-24",,,,,,,,
"US1MABR0052","41.72305","-70.944","34.4","2022-06-25",,,,,,,,
"US1MABR0052","41.72305","-70.944","34.4","2022-06-26",,,,,,,,
"US1MABR0052","41.72305","-70.944","34.4","2022-06-27",,,,,,,,
"US1MABR0052","41.72305","-70.944","34.4","2022-06-28",,,,,,,,
"US1MABR0052","41.72305","-70.944","34.4","2022-06-29",,,,,,,,
"US1MABR0052","41.72305","-70.944","34.4","2022-06-30",,,,,,,,
"US1MABR0052","41.72305","-70.944","34.4","2022-07-01",,,,,,,,
"US1MABR0052","41.72305","-70.944","34.4","2022-07-02",,,,,,,,
"US1MABR0052","41.72305","-70.944","34.4","2022-07-03",,,,,,,,
"US1MABR0052","41.72305","-70.944","34.4","2022-07-04",,,,,,,,
"US1MABR0052","41.72305","-70.944","34.4","2022-07-05",,,,,,,,
"US1MABR0052","41.72305","-70.944","34.4","2022-07-06",,,,,,,,
"US1MABR0052","41.72305","-70.944","34.4","2022-07-07",,,,,,,,
"US1MABR0052","41.72305","-70.944","34.4","2022-07-08",,,,,,,,
"US1MABR0052","41.72305","-70.944","34.4","2022-07-09",,,,,,,,
"US1MABR0052","41.72305","-70.944","34.4","2022-07-10",,,,,,,,
"US1MABR0052","41.72305","-70.944","34.4","2022-07-11",,,,,,,,
"US1MABR0052","41.72305","-70.944","34.4","2022-07-12",,,,,,,,
"US1MABR0052","41.72305","-70.944","34.4","2022-07-13",,,,,,,,
"US1MABR0052","41.72305","-70.944","34.4","2022-07-14",,,,,,,,
"US1MABR0052","41.72305","-70.944","34.4","2022-07-15",,,,,,,,
"US1MABR0052","41.72305","-70.944","34.4","2022-07-16",,,,,,,,
"US1MABR0052","41.72305","-70.944","34.4","2022-07-17",,,,,,,,
"US1MABR0052","41.72305","-70.944","34.4","2022-07-18",,,,,,,,
"US1MABR0052","41.72305","-70.944","34.4","2022-07-19",,,,,,,,
"US1MABR0052","41.72305","-70.944","34.4","2022-07-20",,,,,,,,
"US1MABR0052","41.72305","-70.944","34.4","2022-07-21",,,,,,,,
"US1MABR0052","41.72305","-70.944","34.4","2022-07-22",,,,,,,,
"US1MABR0052","41.72305","-70.944","34.4","2022-07-23",,,,,,,,
"US1MABR0052","41.72305","-70.944","34.4","2022-07-24",,,,,,,,
"US1MABR0052","41.72305","-70.944","34.4","2022-07-25",,,,,,,,
"US1MABR0052","41.72305","-70.944","34.4","2022-07-26",,,,,,,,
"US1MABR0052","41.72305","-70.944","34.4","2022-07-27",,,,,,,,
"US1MABR0052","41.72305","-70.944","34.4","2022-07-28",,,,,,,,
"US1MABR0052","41.72305","-70.944","34.4","2022-07-29",,,,,,,,
"US1MABR0052","41.72305","-70.944","34.4","2022-07-30",,,,,,,,
"US1MABR0052","41.72305","-70.944","34.4","2022-07-31",,,,,,,,
"US1MABR0052","41.72305","-70.944","34.4","2022-08-01",,,,,,,,
"US1MABR0052","41.72305","-70.944","34.4","2022-08-02",,,,,,,,
"US1MABR0052","41.72305","-70.944","34.4","2022-08-03",,,,,,,,
"US1MABR0052","41.72305","-70.944","34.4","2022-08-04",,,,,,,,
"US1MABR0052","41.72305","-70.944","34.4","2022-08-05",,,,,,,,
"US1MABR0052","41.72305","-70.944","34.4","2022-08-06",,,,,,,,
"US1MABR0052","41.72305","-70.944","34.4","2022-08-07",,,,,,,,
"US1MABR0052","41.72305","-70.944","34.4","2022-08-08",,,,,,,,
"US1MABR0052","41.72305","-70.944","34.4","2022-08-09",,,,,,,,
"US1MABR0052","41.72305","-70.944","34.4","2022-08-10",,,,,,,,
"US1MABR0052","41.72305","-70.944","34.4","2022-08-11",,,,,,,,
"US1MABR0052","41.72305","-70.944","34.4","2022-08-12",,,,,,,,
"US1MABR0052","41.72305","-70.944","34.4","2022-08-13",,,,,,,,
"US1MABR0052","41.72305","-70.944","34.4","2022-08-14",,,,,,,,
"US1MABR0052","41.72305","-70.944","34.4","2022-08-15",,,,,,,,
"US1MABR0052","41.72305","-70.944","34.4","2022-08-16",,,,,,,,
"US1MABR0052","41.72305","-70.944","34.4","2022-08-17",,,,,,,,
"US1MABR0052","41.72305","-70.944","34.4","2022-08-18",,,,,,,,
"US1MABR0052","41.72305","-70.944","34.4","2022-08-19",,,,,,,,
"US1MABR0052","41.72305","-70.944","34.4","2022-08-20",,,,,,,,
"US1MABR0052","41.72305","-70.944","34.4","2022-08-21",,,,,,,,
"US1MABR0052","41.72305","-70.944","34.4","2022-08-22",,,,,,,,
"US1MABR0052","41.72305","-70.944","34.4","2022-08-23",,,,,,,,
"US1MABR0052","41.72305","-70.944","34.4","2022-08-24",,,,,,,,
"US1MABR0052","41.72305","-70.944","34.4","2022-08-25",,,,,,,,
"US1MABR0052","41.72305","-70.944","34.4","2022-08-26",,,,,,,,
"US1MABR0052","41.72305","-70.944","34.4","2022-08-27",,,,,,,,
"US1MABR0052","41.72305","-70.944","34.4","2022-08-28",,,,,,,,
"US1MABR0052","41.72305","-70.944","34.4","2022-08-29",,,,,,,,
"US1MABR0052","41.72305","-70.944","34.4","2022-08-30",,,,,,,,
"US1MABR0052","41.72305","-70.944","34.4","2022-08-31",,,,,,,,
"US1MABR0052","41.72305","-70.944","34.4","2022-09-01",,,,,,,,
"US1MABR0052","41.72305","-70.944","34.4","2022-09-02",,,,,,,,
"US1MABR0052","41.72305","-70.944","34.4","2022-09-03",,,,,,,,
"US1MABR0052","41.72305","-70.944","34.4","2022-09-04",,,,,,,,
"US1MABR0052","41.72305","-70.944","34.4","2022-09-05",,,,,,,,
"US1MABR0052","41.72305","-70.944","34.4","2022-09-06",,,,,,,,
"US1MABR0052","41.72305","-70.944","34.4","2022-09-07",,,,,,,,
"US1MABR0052","41.72305","-70.944","34.4","2022-09-08",,,,,,,,
"US1MABR0052","41.72305","-70.944","34.4","2022-09-09",,,,,,,,
"US1MABR0052","41.72305","-70.944","34.4","2022-09-10",,,,,,,,
"US1MABR0052","41.72305","-70.944","34.4","2022-09-11",,,,,,,,
"US1MABR0052","41.72305","-70.944","34.4","2022-09-12",,,,,,,,
"US1MABR0052","41.72305","-70.944","34.4","2022-09-13",,,,,,,,
"US1MABR0052","41.72305","-70.944","34.4","2022-09-14",,,,,,,,
"US1MABR0052","41.72305","-70.944","34.4","2022-09-15",,,,,,,,
"US1MABR0052","41.72305","-70.944","34.4","2022-09-16",,,,,,,,
"US1MABR0052","41.72305","-70.944","34.4","2022-09-17",,,,,,,,
"US1MABR0052","41.72305","-70.944","34.4","2022-09-18",,,,,,,,
"US1MABR0052","41.72305","-70.944","34.4","2022-09-19",,,,,,,,
"US1MABR0052","41.72305","-70.944","34.4","2022-09-20",,,,,,,,
"US1MABR0052","41.72305","-70.944","34.4","2022-09-21",,,,,,,,
"US1MABR0052","41.72305","-70.944","34.4","2022-09-22",,,,,,,,
"US1MABR0052","41.72305","-70.944","34.4","2022-09-23",,,,,,,,
"US1MABR0052","41.72305","-70.944","34.4","2022-09-24",,,,,,,,
"US1MABR0052","41.72305","-70.944","34.4","2022-09-25",,,,,,,,
"US1MABR0052","41.72305","-70.944","34.4","2022-09-26",,,,,,,,
"US1MABR0052","41.72305","-70.944","34.4","2022-09-27",,,,,,,,
"US1MABR0052","41.72305","-70.944","34.4","2022-09-28",,,,,,,,
"US1MABR0052","41.72305","-70.944","34.4","2022-09-29",,,,,,,,
"US1MABR0052","41.72305","-70.944","34.4","2022-09-30",,,,,,,,
"US1MABR0052","41.72305","-70.944","34.4","2022-10-01",,,,,,,,
"US1MABR0052","41.72305","-70.944","34.4","2022-10-02",,,,,,,,
"US1MABR0052","41.72305","-70.944","34.4","2022-10-03",,,,,,,,
"US1MABR0052","41.72305","-70.944","34.4","2022-10-04",,,,,,,,
"US1MABR0052","41.72305","-70.944","34.4","2022-10-05",,,,,,,,
"US1MABR0052","41.72305","-70.944","34.4","2022-10-06",,,,,,,,
"US1MABR0052","41.72305","-70.944","34.4","2022-10-07",,,,,,,,
"US1MABR0052","41.72305","-70.944","34.4","2022-10-08",,,,,,,,
"US1MABR0052","41.72305","-70.944","34.4","2022-10-09",,,,,,,,
"US1MABR0052","41.72305","-70.944","34.4","2022-10-10",,,,,,,,
"US1MABR0052","41.72305","-70.944","34.4","2022-10-11",,,,,,,,
"US1MABR0052","41.72305","-70.944","34.4","2022-10-12",,,,,,,,
"US1MABR0052","41.72305","-70.944","34.4","2022-10-13",,,,,,,,
"US1MABR0052","41.72305","-70.944","34.4","2022-10-14",,,,,,,,
"US1MABR0052","41.72305","-70.944","34.4","2022-10-15",,,,,,,,
"US1MABR0052","41.72305","-70.944","34.4","2022-10-16",,,,,,,,
"US1MABR0052","41.72305","-70.944","34.4","2022-10-17",,,,,,,,
"US1MABR0052","41.72305","-70.944","34.4","2022-10-18",,,,,,,,
"US1MABR0052","41.72305","-70.944","34.4","2022-10-19",,,,,,,,
"US1MABR0052","41.72305","-70.944","34.4","2022-10-20",,,,,,,,
"US1MABR0052","41.72305","-70.944","34.4","2022-10-21",,,,,,,,
"US1MABR0052","41.72305","-70.944","34.4","2022-10-22",,,,,,,,
"US1MABR0052","41.72305","-70.944","34.4","2022-10-23",,,,,,,,
"US1MABR0052","41.72305","-70.944","34.4","2022-10-24",,,,,,,,
"US1MABR0052","41.72305","-70.944","34.4","2022-10-25",,,,,,,,
"US1MABR0052","41.72305","-70.944","34.4","2022-10-26",,,,,,,,
"US1MABR0052","41.72305","-70.944","34.4","2022-10-27",,,,,,,,
"US1MABR0052","41.72305","-70.944","34.4","2022-10-28",,,,,,,,
"US1MABR0052","41.72305","-70.944","34.4","2022-10-29",,,,,,,,
"US1MABR0052","41.72305","-70.944","34.4","2022-10-30",,,,,,,,
"US1MABR0052","41.72305","-70.944","34.4","2022-10-31",,,,,,,,
"US1MABR0052","41.72305","-70.944","34.4","2022-11-01",,,,,,,,
"US1MABR0052","41.72305","-70.944","34.4","2022-11-02",,,,,,,,
"US1MABR0052","41.72305","-70.944","34.4","2022-11-03",,,,,,,,
"US1MABR0052","41.72305","-70.944","34.4","2022-11-04",,,,,,,,
"US1MABR0052","41.72305","-70.944","34.4","2022-11-05",,,,,,,,
"US1MABR0052","41.72305","-70.944","34.4","2022-11-06",,,,,,,,
"US1MABR0052","41.72305","-70.944","34.4","2022-11-07",,,,,,,,
"US1MABR0052","41.72305","-70.944","34.4","2022-11-08",,,,,,,,
"US1MABR0052","41.72305","-70.944","34.4","2022-11-09",,,,,,,,
"US1MABR0052","41.72305","-70.944","34.4","2022-11-10",,,,,,,,
"US1MABR0052","41.72305","-70.944","34.4","2022-11-11",,,,,,,,
"US1MABR0052","41.72305","-70.944","34.4","2022-11-12",,,,,,,,
"US1MABR0052","41.72305","-70.944","34.4","2022-11-13",,,,,,,,
"US1MABR0052","41.72305","-70.944","34.4","2022-11-14",,,,,,,,
"US1MABR0052","41.72305","-70.944","34.4","2022-11-15",,,,,,,,
"US1MABR0052","41.72305","-70.944","34.4","2022-11-16",,,,,,,,
"US1MABR0052","41.72305","-70.944","34.4","2022-11-17",,,,,,,,
"US1MABR0052","41.72305","-70.944","34.4","2022-11-18",,,,,,,,
"US1MABR0052","41.72305","-70.944","34.4","2022-11-19",,,,,,,,
"US1MABR0052","41.72305","-70.944","34.4","2022-11-20",,,,,,,,
"US1MABR0052","41.72305","-70.944","34.4","2022-11-21",,,,,,,,
"US1MABR0052","41.72305","-70.944","34.4","2022-11-22",,,,,,,,
"US1MABR0052","41.72305","-70.944","34.4","2022-11-23",,,,,,,,
"US1MABR0052","41.72305","-70.944","34.4","2022-11-24",,,,,,,,
"US1MABR0052","41.72305","-70.944","34.4","2022-11-25",,,,,,,,
"US1MABR0052","41.72305","-70.944","34.4","2022-11-26",,,,,,,,
"US1MABR0052","41.72305","-70.944","34.4","2022-11-27",,,,,,,,
"US1MABR0052","41.72305","-70.944","34.4","2022-11-28",,,,,,,,
"US1MABR0052","41.72305","-70.944","34.4","2022-11-29",,,,,,,,
"US1MABR0052","41.72305","-70.944","34.4","2022-11-30",,,,,,,,
"US1MABR0052","41.72305","-70.944","34.4","2022-12-01",,,,,,,,
"US1MABR0052","41.72305","-70.944","34.4","2022-12-02",,,,,,,,
"US1MABR0052","41.72305","-70.944","34.4","2022-12-03",,,,,,,,
"US1MABR0052","41.72305","-70.944","34.4","2022-12-04",,,,,,,,
"US1MABR0052","41.72305","-70.944","34.4","2022-12-05",,,,,,,,
"US1MABR0052","41.72305","-70.944","34.4","2022-12-06",,,,,,,,
"US1MABR0052","41.72305","-70.944","34.4","2022-12-07",,,,,,,,
"US1MABR0052","41.72305","-70.944","34.4","2022-12-08",,,,,,,,
"US1MABR0052","41.72305","-70.944","34.4","2022-12-09",,,,,,,,
"US1MABR0052","41.72305","-70.944","34.4","2022-12-10",,,,,,,,
"US1MABR0052","41.72305","-70.944","34.4","2022-12-11",,,,,,,,
"US1MABR0052","41.72305","-70.944","34.4","2022-12-12",,,,,,,,
"US1MABR0052","41.72305","-70.944","34.4","2022-12-13",,,,,,,,
"US1MABR0052","41.72305","-70.944","34.4","2022-12-14",,,,,,,,
"US1MABR0052","41.72305","-70.944","34.4","2022-12-15",,,,,,,,
"US1MABR0052","41.72305","-70.944","34.4","2022-12-16",,,,,,,,
"US1MABR0052","41.72305","-70.944","34.4","2022-12-17",,,,,,,,
"US1MABR0052","41.72305","-70.944","34.4","2022-12-18",,,,,,,,
"US1MABR0052","41.72305","-70.944","34.4","2022-12-19",,,,,,,,
"US1MABR0052","41.72305","-70.944","34.4","2022-12-20",,,,,,,,
"US1MABR0052","41.72305","-70.944","34.4","2022-12-21",,,,,,,,
"US1MABR0052","41.72305","-70.944","34.4","2022-12-22",,,,,,,,
"US1MABR0052","41.72305","-70.944","34.4","2022-12-23",,,,,,,,
"US1MABR0052","41.72305","-70.944","34.4","2022-12-24",,,,,,,,
"US1MABR0052","41.72305","-70.944","34.4","2022-12-25",,,,,,,,
"US1MABR0052","41.72305","-70.944","34.4","2022-12-26",,,,,,,,
"US1MABR0052","41.72305","-70.944","34.4","2022-12-27",,,,,,,,
"US1MABR0052","41.72305","-70.944","34.4","2022-12-28",,,,,,,,
"US1MABR0052","41.72305","-70.944","34.4","2022-12-29",,,,,,,,
"US1MABR0052","41.72305","-70.944","34.4","2022-12-30",,,,,,,,
"US1MABR0052","41.72305","-70.944","34.4","2022-12-31",,,,,,,,
